episode,steps,done,score,total_reward,state,hp,max_hp,x,y,floor,kills,rooms,floors,time,hp_missing,gold,item_count,room_type,room_cleared,abyss_gate,doors_open,portal_active,enemy_count,pickup_count,nearest_enemy,nearest_pickup,nearest_shop_item,nearest_door,target_door,near_choice,portal,available_doors,pickups,enemies
1,806,True,13.895,1.855833,gameover,0,6,322.02763672765525,361.89079953700883,1,2,0,0,118.95000000004073,6,1,0,combat,False,False,False,False,1,0,"{'x': 298.3128492387991, 'y': 379.9287002373652, 'hp': 3, 'max_hp': 6, 'type': 'exhume', 'state': 'main', 'elite': False, 'boss': False, 'distance': 29.795251422290843}",,,,,,,[],[],"[{'x': 298.3128492387991, 'y': 379.9287002373652, 'hp': 3, 'max_hp': 6, 'type': 'exhume', 'state': 'main', 'elite': False, 'boss': False, 'distance': 29.795251422290843}]"
2,735,True,10.9225,-3.116667,gameover,-1,6,112.36038711509558,311.14131554578375,1,0,0,0,109.22500000003299,7,0,0,miniboss,False,False,False,False,3,0,"{'x': 94.13584545750113, 'y': 332.98612454906396, 'hp': 10, 'max_hp': 11, 'type': 'lurcher', 'state': 'dash', 'elite': True, 'boss': False, 'distance': 28.448718758833184}",,,,,,,[],[],"[{'x': 94.13584545750113, 'y': 332.98612454906396, 'hp': 10, 'max_hp': 11, 'type': 'lurcher', 'state': 'dash', 'elite': True, 'boss': False, 'distance': 28.448718758833184}, {'x': 141.5897555841206, 'y': 374.04631599539914, 'hp': 3, 'max_hp': 3, 'type': 'wisp', 'state': 'main', 'elite': False, 'boss': False, 'distance': 69.36422033486822}, {'x': 415.3962567699926, 'y': 336.9170184508881, 'hp': 2, 'max_hp': 3, 'type': 'wisp', 'state': 'main', 'elite': False, 'boss': False, 'distance': 304.13011221803066}]"
3,900,False,27.298333,23.259167,play,4,6,319.83333333333366,425.03472222222354,1,4,1,0,132.98333333337672,2,0,0,combat,True,False,True,False,0,0,,,,"{'dir': 'left', 'x': 0, 'y': 360, 'distance': 326.37842484703714}","{'dir': 'left', 'x': 0, 'y': 360, 'distance': 326.37842484703714}",,,"[{'dir': 'left', 'x': 0, 'y': 360, 'distance': 326.37842484703714}, {'dir': 'down', 'x': 640, 'y': 720, 'distance': 435.32885217840214}]",[],[]
4,70,True,0.934167,-11.105,gameover,0,6,682.2815595557881,61.06018821768159,1,0,0,0,9.341666666666777,6,0,0,combat,False,False,False,False,4,0,"{'x': 674.5489093825877, 'y': 60.04677490354469, 'hp': 3, 'max_hp': 3, 'type': 'wisp', 'state': 'main', 'elite': False, 'boss': False, 'distance': 7.798774599023038}",,,,,,,[],[],"[{'x': 674.5489093825877, 'y': 60.04677490354469, 'hp': 3, 'max_hp': 3, 'type': 'wisp', 'state': 'main', 'elite': False, 'boss': False, 'distance': 7.798774599023038}, {'x': 702.2578644496866, 'y': 60, 'hp': 1, 'max_hp': 3, 'type': 'wisp', 'state': 'main', 'elite': False, 'boss': False, 'distance': 20.00441841871199}, {'x': 688.8394549077511, 'y': 83.81310680344961, 'hp': 3, 'max_hp': 3, 'type': 'wisp', 'state': 'main', 'elite': False, 'boss': False, 'distance': 23.679132070620447}]"
5,900,False,13.450833,13.411667,play,6,6,573.124999999998,659,1,0,0,0,134.50833333337533,0,0,0,start,True,False,True,False,0,0,,,,"{'dir': 'down', 'x': 640, 'y': 720, 'distance': 90.51665937826182}","{'dir': 'right', 'x': 1280, 'y': 360, 'distance': 767.5110850176711}",,,"[{'dir': 'down', 'x': 640, 'y': 720, 'distance': 90.51665937826182}, {'dir': 'right', 'x': 1280, 'y': 360, 'distance': 767.5110850176711}]",[],[]
6,900,False,13.495,13.455833,play,6,6,957.8055555555526,326.1111111111108,1,0,0,0,134.9500000000416,0,1,0,treasure,True,False,True,False,0,3,,"{'x': 790, 'y': 346, 'type': 'item', 'value': 1, 'choice': True, 'item_name': 'Gantelet usé', 'item_rarity': 'common', 'item_desc': 'Dégâts +0,2, dégâts critiques +15 %', 'distance': 168.9800946163252}",,"{'dir': 'right', 'x': 1280, 'y': 360, 'distance': 323.97178398896034}","{'dir': 'right', 'x': 1280, 'y': 360, 'distance': 323.97178398896034}",,,"[{'dir': 'right', 'x': 1280, 'y': 360, 'distance': 323.97178398896034}]","[{'x': 790, 'y': 346, 'type': 'item', 'value': 1, 'choice': True, 'item_name': 'Gantelet usé', 'item_rarity': 'common', 'item_desc': 'Dégâts +0,2, dégâts critiques +15 %', 'distance': 168.9800946163252}, {'x': 640, 'y': 346, 'type': 'item', 'value': 1, 'choice': True, 'item_name': 'Croc de goule', 'item_rarity': 'common', 'item_desc': 'Dégâts +0,2, 3 % de soin par ennemi vaincu', 'distance': 318.4272900415541}, {'x': 490, 'y': 346, 'type': 'item', 'value': 1, 'choice': True, 'item_name': 'Souffle court', 'item_rarity': 'common', 'item_desc': 'Cadence +10 %, portée −15 %', 'distance': 468.22815561419816}]",[]
7,386,True,5.646667,-6.3925,gameover,0,6,745.20629733019,242.29107064587694,1,0,0,0,56.4666666666641,6,0,0,combat,False,False,False,False,3,1,"{'x': 746.5590874205891, 'y': 248.6879854140621, 'hp': 2, 'max_hp': 3, 'type': 'wisp', 'state': 'main', 'elite': False, 'boss': False, 'distance': 6.538391207331315}","{'x': 398.5087996162474, 'y': 534.1216215565801, 'type': 'gold', 'value': 1, 'choice': False, 'item_name': None, 'item_rarity': None, 'item_desc': None, 'distance': 453.17129803856034}",,,,,,[],"[{'x': 398.5087996162474, 'y': 534.1216215565801, 'type': 'gold', 'value': 1, 'choice': False, 'item_name': None, 'item_rarity': None, 'item_desc': None, 'distance': 453.17129803856034}]","[{'x': 746.5590874205891, 'y': 248.6879854140621, 'hp': 2, 'max_hp': 3, 'type': 'wisp', 'state': 'main', 'elite': False, 'boss': False, 'distance': 6.538391207331315}, {'x': 732.2049200015231, 'y': 225.68196796507323, 'hp': 1, 'max_hp': 3, 'type': 'wisp', 'state': 'main', 'elite': False, 'boss': False, 'distance': 21.09260781183432}, {'x': 771.1288694912434, 'y': 236.71068871406743, 'hp': 1, 'max_hp': 3, 'type': 'wisp', 'state': 'main', 'elite': False, 'boss': False, 'distance': 26.51641774353941}]"
8,900,False,13.539167,13.5,play,6,6,1016.5972222222198,532.0972222222239,1,0,0,0,135.39166666670786,0,0,0,start,True,False,True,False,0,0,,,,"{'dir': 'down', 'x': 640, 'y': 720, 'distance': 420.87162137889067}","{'dir': 'down', 'x': 640, 'y': 720, 'distance': 420.87162137889067}",,,"[{'dir': 'down', 'x': 640, 'y': 720, 'distance': 420.87162137889067}, {'dir': 'left', 'x': 0, 'y': 360, 'distance': 1031.0612814602916}]",[],[]
9,261,True,4.753333,-7.285833,gameover,0,6,61,607.1055232810879,1,1,0,0,37.533333333331846,6,0,0,combat,False,False,False,False,2,0,"{'x': 73.03300440987093, 'y': 596.8576451637762, 'hp': 1, 'max_hp': 6, 'type': 'exhume', 'state': 'main', 'elite': False, 'boss': False, 'distance': 15.80544846042814}",,,,,,,[],[],"[{'x': 73.03300440987093, 'y': 596.8576451637762, 'hp': 1, 'max_hp': 6, 'type': 'exhume', 'state': 'main', 'elite': False, 'boss': False, 'distance': 15.80544846042814}, {'x': 69.51970059893773, 'y': 546.9609662842587, 'hp': 1, 'max_hp': 6, 'type': 'exhume', 'state': 'main', 'elite': False, 'boss': False, 'distance': 60.74498361708876}]"
10,900,False,13.539167,13.5,play,6,6,241.0277777777777,267.5138888888889,1,0,0,0,135.39166666670786,0,0,0,start,True,False,True,False,0,0,,,,"{'dir': 'up', 'x': 640, 'y': 0, 'distance': 480.35665380360365}","{'dir': 'up', 'x': 640, 'y': 0, 'distance': 480.35665380360365}",,,"[{'dir': 'up', 'x': 640, 'y': 0, 'distance': 480.35665380360365}, {'dir': 'right', 'x': 1280, 'y': 360, 'distance': 1043.0805142930433}]",[],[]
11,900,False,13.539167,13.5,play,6,6,981.0138888888872,288.36111111111154,1,0,0,0,135.39166666670786,0,0,0,start,True,False,True,False,0,0,,,,"{'dir': 'right', 'x': 1280, 'y': 360, 'distance': 307.44889825559824}","{'dir': 'right', 'x': 1280, 'y': 360, 'distance': 307.44889825559824}",,,"[{'dir': 'right', 'x': 1280, 'y': 360, 'distance': 307.44889825559824}]",[],[]
12,900,False,13.539167,13.5,play,6,6,101.5347222222228,659,1,0,0,0,135.39166666670786,0,1,0,start,True,False,True,False,0,0,,,,"{'dir': 'left', 'x': 0, 'y': 360, 'distance': 315.7693775791819}","{'dir': 'right', 'x': 1280, 'y': 360, 'distance': 1215.8048408062264}",,,"[{'dir': 'left', 'x': 0, 'y': 360, 'distance': 315.7693775791819}, {'dir': 'down', 'x': 640, 'y': 720, 'distance': 541.90945311214}, {'dir': 'right', 'x': 1280, 'y': 360, 'distance': 1215.8048408062264}]",[],[]
13,900,False,13.539167,13.5,play,6,6,1196.4305555555554,641.8749999999978,1,0,0,0,135.39166666670786,0,0,0,start,True,False,True,False,0,0,,,,"{'dir': 'up', 'x': 640, 'y': 0, 'distance': 849.4812998417689}","{'dir': 'up', 'x': 640, 'y': 0, 'distance': 849.4812998417689}",,,"[{'dir': 'up', 'x': 640, 'y': 0, 'distance': 849.4812998417689}, {'dir': 'left', 'x': 0, 'y': 360, 'distance': 1229.1865561793188}]",[],[]
14,112,True,1.5525,-10.486667,gameover,0,6,1009.9019822305265,105.60211768367824,1,0,0,0,15.524999999999759,6,0,0,combat,False,False,False,False,3,0,"{'x': 1008.6152110418838, 'y': 107.60642270181438, 'hp': 3, 'max_hp': 3, 'type': 'wisp', 'state': 'main', 'elite': False, 'boss': False, 'distance': 2.381809962538329}",,,,,,,[],[],"[{'x': 1008.6152110418838, 'y': 107.60642270181438, 'hp': 3, 'max_hp': 3, 'type': 'wisp', 'state': 'main', 'elite': False, 'boss': False, 'distance': 2.381809962538329}, {'x': 997.8653574325267, 'y': 140.2599351303356, 'hp': 1, 'max_hp': 3, 'type': 'wisp', 'state': 'main', 'elite': False, 'boss': False, 'distance': 36.68848111728873}, {'x': 1034.2903364478584, 'y': 133.27366595658043, 'hp': 12, 'max_hp': 17, 'type': 'exhume', 'state': 'main', 'elite': True, 'boss': False, 'distance': 36.885043110312424}]"
15,434,True,6.385,-5.654167,gameover,0,6,824.2798821582481,376.07369670257214,1,0,0,0,63.84999999999702,6,0,0,combat,False,False,False,False,3,0,"{'x': 843.0873012802253, 'y': 393.94331059202057, 'hp': 3, 'max_hp': 3, 'type': 'wisp', 'state': 'main', 'elite': False, 'boss': False, 'distance': 25.943055228474577}",,,,,,,[],[],"[{'x': 843.0873012802253, 'y': 393.94331059202057, 'hp': 3, 'max_hp': 3, 'type': 'wisp', 'state': 'main', 'elite': False, 'boss': False, 'distance': 25.943055228474577}, {'x': 1019.3624237850822, 'y': 224.57365975580734, 'hp': 4, 'max_hp': 5, 'type': 'ronce', 'state': 'dash', 'elite': False, 'boss': False, 'distance': 247.00092963885086}, {'x': 1027.6608961884926, 'y': 525.5020175639297, 'hp': 3, 'max_hp': 5, 'type': 'ronce', 'state': 'aim', 'elite': False, 'boss': False, 'distance': 252.3740476820375}]"
16,69,True,0.990833,-11.048333,gameover,0,6,581.7006546114661,162.33505935774727,1,0,0,0,9.908333333333411,6,1,0,combat,False,False,False,False,4,1,"{'x': 591.5927059966423, 'y': 150.77131809624927, 'hp': 8, 'max_hp': 8, 'type': 'wisp', 'state': 'main', 'elite': True, 'boss': False, 'distance': 15.217515978957827}","{'x': 657.6415391312912, 'y': 560.2980279317126, 'type': 'gold', 'value': 1, 'choice': False, 'item_name': None, 'item_rarity': None, 'item_desc': None, 'distance': 405.143853832014}",,,,,,[],"[{'x': 657.6415391312912, 'y': 560.2980279317126, 'type': 'gold', 'value': 1, 'choice': False, 'item_name': None, 'item_rarity': None, 'item_desc': None, 'distance': 405.143853832014}]","[{'x': 591.5927059966423, 'y': 150.77131809624927, 'hp': 8, 'max_hp': 8, 'type': 'wisp', 'state': 'main', 'elite': True, 'boss': False, 'distance': 15.217515978957827}, {'x': 567.9775949327554, 'y': 171.58295973459354, 'hp': 3, 'max_hp': 3, 'type': 'wisp', 'state': 'main', 'elite': False, 'boss': False, 'distance': 16.54829381916844}, {'x': 674.3688614377821, 'y': 198.57162413082165, 'hp': 3, 'max_hp': 3, 'type': 'wisp', 'state': 'main', 'elite': False, 'boss': False, 'distance': 99.50118181689149}]"
17,152,True,3.133333,-8.905833,gameover,0,6,272.9062771370128,240.5470621507366,1,1,0,0,21.333333333332764,6,0,0,combat,False,False,False,False,2,0,"{'x': 259.23625551023116, 'y': 252.2595909614635, 'hp': 3, 'max_hp': 5, 'type': 'ronce', 'state': 'main', 'elite': False, 'boss': False, 'distance': 18.001467229611745}",,,,,,,[],[],"[{'x': 259.23625551023116, 'y': 252.2595909614635, 'hp': 3, 'max_hp': 5, 'type': 'ronce', 'state': 'main', 'elite': False, 'boss': False, 'distance': 18.001467229611745}, {'x': 283.9648686083972, 'y': 264.24364830368046, 'hp': 2, 'max_hp': 3, 'type': 'wisp', 'state': 'main', 'elite': False, 'boss': False, 'distance': 26.149964448061226}]"
18,900,False,13.539167,13.5,play,6,6,1211.4166666666667,88.81944444444446,1,0,0,0,135.39166666670786,0,0,0,start,True,False,True,False,0,1,,"{'x': 264.4798525720835, 'y': 435.0939482767135, 'type': 'gold', 'value': 1, 'choice': False, 'item_name': None, 'item_rarity': None, 'item_desc': None, 'distance': 1008.263537916493}",,"{'dir': 'up', 'x': 640, 'y': 0, 'distance': 578.2783937307914}","{'dir': 'up', 'x': 640, 'y': 0, 'distance': 578.2783937307914}",,,"[{'dir': 'up', 'x': 640, 'y': 0, 'distance': 578.2783937307914}, {'dir': 'down', 'x': 640, 'y': 720, 'distance': 851.414059465701}, {'dir': 'left', 'x': 0, 'y': 360, 'distance': 1241.398096498137}]","[{'x': 264.4798525720835, 'y': 435.0939482767135, 'type': 'gold', 'value': 1, 'choice': False, 'item_name': None, 'item_rarity': None, 'item_desc': None, 'distance': 1008.263537916493}]",[]
19,900,False,13.539167,13.5,play,6,6,1154.1666666666665,532.3402777777787,1,0,0,0,135.39166666670786,0,0,0,start,True,False,True,False,0,1,,"{'x': 364.31377987843007, 'y': 148.4602123592049, 'type': 'gold', 'value': 1, 'choice': False, 'item_name': None, 'item_rarity': None, 'item_desc': None, 'distance': 878.197863464424}",,"{'dir': 'down', 'x': 640, 'y': 720, 'distance': 547.3422443550581}","{'dir': 'down', 'x': 640, 'y': 720, 'distance': 547.3422443550581}",,,"[{'dir': 'down', 'x': 640, 'y': 720, 'distance': 547.3422443550581}]","[{'x': 364.31377987843007, 'y': 148.4602123592049, 'type': 'gold', 'value': 1, 'choice': False, 'item_name': None, 'item_rarity': None, 'item_desc': None, 'distance': 878.197863464424}]",[]
20,900,False,13.495,13.455833,play,6,6,651.1805555555555,598.4861111111117,1,0,0,0,134.9500000000416,0,0,0,combat,False,False,False,False,4,0,"{'x': 924.5968763951429, 'y': 438.230096887724, 'hp': 3, 'max_hp': 3, 'type': 'wisp', 'state': 'main', 'elite': False, 'boss': False, 'distance': 316.9202969142601}",,,,,,,[],[],"[{'x': 924.5968763951429, 'y': 438.230096887724, 'hp': 3, 'max_hp': 3, 'type': 'wisp', 'state': 'main', 'elite': False, 'boss': False, 'distance': 316.9202969142601}, {'x': 1009.3251129975571, 'y': 456.187580242696, 'hp': 3, 'max_hp': 3, 'type': 'wisp', 'state': 'main', 'elite': False, 'boss': False, 'distance': 385.3782504405724}, {'x': 289.6599484526061, 'y': 380.73813263639016, 'hp': 3, 'max_hp': 3, 'type': 'wisp', 'state': 'main', 'elite': False, 'boss': False, 'distance': 422.0323820394745}]"
