episode,steps,done,score,total_reward,state,hp,max_hp,x,y,floor,kills,rooms,floors,time,hp_missing,gold,item_count,room_type,room_cleared,abyss_gate,doors_open,portal_active,enemy_count,pickup_count,nearest_enemy,nearest_pickup,nearest_shop_item,nearest_door,near_choice,portal,available_doors,pickups
1,100,False,1.831667,1.7925,play,6,6,423.3333333333344,107.81944444444451,1,0,0,0,18.31666666666627,0,0,0,start,True,False,True,False,0,0,,,,"{'dir': 'down', 'x': 640, 'y': 720, 'distance': 649.3916207072219}",,,"[{'dir': 'down', 'x': 640, 'y': 720, 'distance': 649.3916207072219}]",[]
2,100,False,2.093333,2.0575,play,6,6,368.95833333333377,213.56944444444426,1,0,0,0,20.933333333332786,0,0,0,start,True,False,True,False,0,0,,,,"{'dir': 'right', 'x': 1280, 'y': 360, 'distance': 922.7344287513531}",,,"[{'dir': 'right', 'x': 1280, 'y': 360, 'distance': 922.7344287513531}]",[]
3,100,False,1.774167,1.738333,play,6,6,172.09027777777777,144.86111111111114,1,0,0,0,17.7416666666663,0,0,0,start,True,False,True,False,0,0,,,,"{'dir': 'left', 'x': 0, 'y': 360, 'distance': 275.4991927719179}",,,"[{'dir': 'left', 'x': 0, 'y': 360, 'distance': 275.4991927719179}, {'dir': 'up', 'x': 640, 'y': 0, 'distance': 489.8206300906719}]",[]
4,100,False,2.045,2.010833,play,6,6,159.8194444444448,586.8750000000006,1,0,0,0,20.44999999999948,0,1,0,start,True,False,True,False,0,0,,,,"{'dir': 'up', 'x': 640, 'y': 0, 'distance': 758.2846639347537}",,,"[{'dir': 'up', 'x': 640, 'y': 0, 'distance': 758.2846639347537}, {'dir': 'right', 'x': 1280, 'y': 360, 'distance': 1142.9246443531406}]",[]
5,100,False,1.7575,1.72,play,6,6,1219,94.09722222222224,1,0,0,0,17.574999999999644,0,0,0,start,True,False,True,False,0,0,,,,"{'dir': 'left', 'x': 0, 'y': 360, 'distance': 1247.6639320065071}",,,"[{'dir': 'left', 'x': 0, 'y': 360, 'distance': 1247.6639320065071}]",[]
6,100,False,2.2525,2.218333,play,6,6,785.8194444444439,550.1944444444455,1,0,0,0,22.524999999999363,0,0,0,start,True,False,True,False,0,0,,,,"{'dir': 'right', 'x': 1280, 'y': 360, 'distance': 529.5170896078137}",,,"[{'dir': 'right', 'x': 1280, 'y': 360, 'distance': 529.5170896078137}, {'dir': 'up', 'x': 640, 'y': 0, 'distance': 569.1899832881973}, {'dir': 'left', 'x': 0, 'y': 360, 'distance': 808.5085812559478}]",[]
7,100,False,1.858333,1.815,play,6,6,567.8749999999997,195.6152777777771,1,0,0,0,18.58333333333292,0,0,0,start,True,False,True,False,0,0,,,,"{'dir': 'up', 'x': 640, 'y': 0, 'distance': 208.48825512502364}",,,"[{'dir': 'up', 'x': 640, 'y': 0, 'distance': 208.48825512502364}, {'dir': 'down', 'x': 640, 'y': 720, 'distance': 529.3215965035603}, {'dir': 'right', 'x': 1280, 'y': 360, 'distance': 730.8517992897588}]",[]
8,100,False,1.7675,1.733333,play,6,6,135.88888888888908,76.20833333333327,1,0,0,0,17.67499999999964,0,0,0,start,True,False,True,False,0,1,,"{'x': 184.98657443001866, 'y': 315.04190209694207, 'type': 'gold', 'value': 1, 'choice': False, 'item_name': None, 'item_rarity': None, 'item_desc': None, 'distance': 243.82792353185698}",,"{'dir': 'left', 'x': 0, 'y': 360, 'distance': 314.64821657352724}",,,"[{'dir': 'left', 'x': 0, 'y': 360, 'distance': 314.64821657352724}, {'dir': 'up', 'x': 640, 'y': 0, 'distance': 509.8389181056339}, {'dir': 'down', 'x': 640, 'y': 720, 'distance': 817.6770281811293}]","[{'x': 184.98657443001866, 'y': 315.04190209694207, 'type': 'gold', 'value': 1, 'choice': False, 'item_name': None, 'item_rarity': None, 'item_desc': None, 'distance': 243.82792353185698}]"
9,100,False,1.750833,1.715,play,6,6,326.5833333333346,602.8888888888898,1,0,0,0,17.50833333333298,0,0,0,start,True,False,True,False,0,0,,,,"{'dir': 'down', 'x': 640, 'y': 720, 'distance': 334.5818573833949}",,,"[{'dir': 'down', 'x': 640, 'y': 720, 'distance': 334.5818573833949}, {'dir': 'left', 'x': 0, 'y': 360, 'distance': 407.0032996878422}, {'dir': 'up', 'x': 640, 'y': 0, 'distance': 679.4887926155395}]",[]
10,100,False,1.755833,1.721667,play,6,6,577.6944444444445,189.22222222222217,1,0,0,0,17.55833333333298,0,1,0,start,True,False,True,False,0,0,,,,"{'dir': 'up', 'x': 640, 'y': 0, 'distance': 199.21604261655847}",,,"[{'dir': 'up', 'x': 640, 'y': 0, 'distance': 199.21604261655847}, {'dir': 'down', 'x': 640, 'y': 720, 'distance': 534.4221474039063}, {'dir': 'left', 'x': 0, 'y': 360, 'distance': 602.4084333113966}, {'dir': 'right', 'x': 1280, 'y': 360, 'distance': 722.7711551707868}]",[]
11,100,False,1.7525,1.718333,play,6,6,423.49305555555566,539.1986111111112,1,0,0,0,17.524999999999647,0,0,0,start,True,False,True,False,0,0,,,,"{'dir': 'left', 'x': 0, 'y': 360, 'distance': 459.84618116053997}",,,"[{'dir': 'left', 'x': 0, 'y': 360, 'distance': 459.84618116053997}, {'dir': 'up', 'x': 640, 'y': 0, 'distance': 581.0425106795724}]",[]
12,100,False,1.7425,1.708333,play,6,6,972.8819444444418,194.41666666666706,1,0,0,0,17.424999999999653,0,0,0,start,True,False,True,False,0,0,,,,"{'dir': 'right', 'x': 1280, 'y': 360, 'distance': 348.9116511754867}",,,"[{'dir': 'right', 'x': 1280, 'y': 360, 'distance': 348.9116511754867}, {'dir': 'up', 'x': 640, 'y': 0, 'distance': 385.49737899872986}]",[]
13,100,False,1.754167,1.718333,play,6,6,1205.652777777777,197.58333333333434,1,0,0,0,17.541666666666313,0,0,0,start,True,False,True,False,0,0,,,,"{'dir': 'right', 'x': 1280, 'y': 360, 'distance': 178.62441900051462}",,,"[{'dir': 'right', 'x': 1280, 'y': 360, 'distance': 178.62441900051462}, {'dir': 'up', 'x': 640, 'y': 0, 'distance': 599.1679552669907}, {'dir': 'left', 'x': 0, 'y': 360, 'distance': 1216.5433794872997}]",[]
14,100,False,1.840833,1.803333,play,6,6,627.9861111111104,302.2402777777772,1,0,0,0,18.40833333333293,0,0,0,start,True,False,True,False,0,0,,,,"{'dir': 'up', 'x': 640, 'y': 0, 'distance': 302.47895635469007}",,,"[{'dir': 'up', 'x': 640, 'y': 0, 'distance': 302.47895635469007}, {'dir': 'left', 'x': 0, 'y': 360, 'distance': 630.636774426963}]",[]
15,100,False,1.826667,1.7875,play,6,6,1177.2083333333328,363.48611111111177,1,0,0,0,18.26666666666627,0,0,0,start,True,False,True,False,0,0,,,,"{'dir': 'down', 'x': 640, 'y': 720, 'distance': 644.7440937096327}",,,"[{'dir': 'down', 'x': 640, 'y': 720, 'distance': 644.7440937096327}]",[]
16,100,False,1.766667,1.7275,play,6,6,827.5694444444416,328.5111111111106,1,0,0,0,17.666666666666305,0,0,0,start,True,False,True,False,0,1,,"{'x': 438.3091290174052, 'y': 511.8594095194712, 'type': 'gold', 'value': 1, 'choice': False, 'item_name': None, 'item_rarity': None, 'item_desc': None, 'distance': 430.2792020253793}",,"{'dir': 'down', 'x': 640, 'y': 720, 'distance': 434.1034975816869}",,,"[{'dir': 'down', 'x': 640, 'y': 720, 'distance': 434.1034975816869}, {'dir': 'right', 'x': 1280, 'y': 360, 'distance': 453.52503538808963}]","[{'x': 438.3091290174052, 'y': 511.8594095194712, 'type': 'gold', 'value': 1, 'choice': False, 'item_name': None, 'item_rarity': None, 'item_desc': None, 'distance': 430.2792020253793}]"
17,100,False,1.799167,1.763333,play,6,6,180.0277777777779,71.84444444444364,1,0,0,0,17.991666666666287,0,0,0,start,True,False,True,False,0,0,,,,"{'dir': 'up', 'x': 640, 'y': 0, 'distance': 465.5492126656214}",,,"[{'dir': 'up', 'x': 640, 'y': 0, 'distance': 465.5492126656214}, {'dir': 'down', 'x': 640, 'y': 720, 'distance': 794.783032917526}, {'dir': 'right', 'x': 1280, 'y': 360, 'distance': 1137.0894924578388}]",[]
18,100,False,1.779167,1.743333,play,6,6,456.11111111111074,188.23611111111103,1,0,0,0,17.7916666666663,0,0,0,start,True,False,True,False,0,1,,"{'x': 297.99737358279526, 'y': 426.1390070905909, 'type': 'gold', 'value': 1, 'choice': False, 'item_name': None, 'item_rarity': None, 'item_desc': None, 'distance': 285.6531846673449}",,"{'dir': 'up', 'x': 640, 'y': 0, 'distance': 263.1500655197045}",,,"[{'dir': 'up', 'x': 640, 'y': 0, 'distance': 263.1500655197045}, {'dir': 'left', 'x': 0, 'y': 360, 'distance': 487.38093849190136}]","[{'x': 297.99737358279526, 'y': 426.1390070905909, 'type': 'gold', 'value': 1, 'choice': False, 'item_name': None, 'item_rarity': None, 'item_desc': None, 'distance': 285.6531846673449}]"
19,100,False,1.7825,1.746667,play,6,6,475.8402777777794,212.5694444444444,1,0,0,0,17.82499999999963,0,0,0,start,True,False,True,False,0,0,,,,"{'dir': 'up', 'x': 640, 'y': 0, 'distance': 268.5780763790976}",,,"[{'dir': 'up', 'x': 640, 'y': 0, 'distance': 268.5780763790976}, {'dir': 'left', 'x': 0, 'y': 360, 'distance': 498.15633958332205}, {'dir': 'right', 'x': 1280, 'y': 360, 'distance': 817.562613844309}]",[]
20,100,False,1.7825,1.746667,play,6,6,1219,324.5277777777778,1,0,0,0,17.82499999999963,0,0,0,start,True,False,True,False,0,0,,,,"{'dir': 'right', 'x': 1280, 'y': 360, 'distance': 70.56400321256379}",,,"[{'dir': 'right', 'x': 1280, 'y': 360, 'distance': 70.56400321256379}, {'dir': 'up', 'x': 640, 'y': 0, 'distance': 663.7463962609385}, {'dir': 'down', 'x': 640, 'y': 720, 'distance': 701.1699355715293}]",[]
