kind,episode,steps,score,total_reward,epsilon,loss,kills,rooms,floors,done,wall_seconds,global_step
train,1,420,20.8725,1.106533,0.9975,,5,1,0,True,1.65,420
train,2,602,39.32,2.551283,0.9939,,11,2,0,True,2.43,1022
train,3,445,32.285,2.347486,0.9913,,6,2,0,True,2.42,1467
train,4,584,36.259167,1.6452,0.9878,,8,2,0,True,2.8,2051
train,5,342,17.83,0.515883,0.9858,,3,1,0,True,1.99,2393
train,6,403,31.540833,2.27307,0.9834,,6,2,0,True,2.22,2796
train,7,241,17.285,0.547783,0.982,,4,1,0,True,1.52,3037
train,8,228,17.084167,0.7277,0.9806,,4,1,0,True,1.43,3265
train,9,900,66.560833,5.675367,0.9753,,14,4,0,False,3.99,4165
train,10,133,1.930833,-0.68793,0.9745,,0,0,0,True,1.0,4298
train,11,312,20.344167,1.0537,0.9726,,6,1,0,True,1.8,4610
train,12,273,19.730833,0.792367,0.971,,6,1,0,True,1.62,4883
train,13,253,16.540833,0.673367,0.9695,0.368787,3,1,0,True,1.91,5136
train,14,383,25.250833,1.344367,0.9672,0.319172,10,1,0,True,3.09,5519
train,15,266,5.715,-0.409217,0.9657,0.310351,2,0,0,True,2.28,5785
train,16,686,36.794167,2.798403,0.9616,0.156076,7,2,0,True,5.21,6471
train,17,540,24.531667,1.572153,0.9584,0.063439,7,1,0,True,4.63,7011
train,18,128,3.766667,-0.60405,0.9576,0.061343,2,0,0,True,1.53,7139
train,19,900,52.800833,4.045328,0.9523,0.061673,10,3,0,False,8.61,8039
train,20,214,5.949167,-0.3858,0.951,0.047273,3,0,0,True,2.29,8253
eval,20,900,13.539167,1.045336,0.951,,0,0,0,False,3.29,8253
eval,20,900,13.539167,1.139337,0.951,,0,0,0,False,3.1,8253
eval,20,900,13.539167,1.139337,0.951,,0,0,0,False,3.13,8253
train,21,729,54.959167,4.1152,0.9467,0.041707,15,3,0,True,6.43,8982
train,22,332,18.684167,0.987403,0.9447,0.04041,4,1,0,True,3.13,9314
train,23,289,19.0375,0.923033,0.943,0.040412,5,1,0,True,3.05,9603
train,24,532,35.398333,2.359117,0.9398,0.042559,8,2,0,True,4.86,10135
train,25,230,17.16,0.535283,0.9385,0.039663,4,1,0,True,2.31,10365
train,26,336,18.795833,0.898867,0.9365,0.036702,4,1,0,True,3.11,10701
train,27,262,17.636667,0.58295,0.9349,0.036371,4,1,0,True,2.72,10963
train,28,900,55.5925,4.578533,0.9296,0.035885,13,3,0,False,7.94,11863
train,29,370,21.23,1.041986,0.9274,0.043661,6,1,0,True,3.34,12233
train,30,583,35.249167,2.3442,0.9239,0.041083,7,2,0,True,4.98,12816
train,31,298,18.175833,0.93657,0.9221,0.039911,4,1,0,True,2.93,13114
train,32,751,64.37,4.856283,0.9177,0.039456,14,4,0,True,6.29,13865
train,33,138,3.854167,-0.5953,0.9169,0.042175,2,0,0,True,1.78,14003
train,34,900,51.724167,4.007882,0.9115,0.042147,9,3,0,False,7.2,14903
train,35,206,16.808333,0.700117,0.9103,0.038398,4,1,0,True,2.06,15109
train,36,434,34.0725,2.326236,0.9077,0.038925,8,2,0,True,3.89,15543
train,37,180,2.514167,-0.829597,0.9066,0.039332,0,0,0,True,2.08,15723
train,38,438,35.055,2.324783,0.904,0.042708,9,2,0,True,4.06,16161
train,39,194,6.640833,-0.21693,0.9029,0.043398,4,0,0,True,2.02,16355
train,40,162,16.203333,0.639617,0.9019,0.041165,4,1,0,True,1.94,16517
eval,40,900,13.539167,1.520323,0.9019,,0,0,0,False,2.94,16517
eval,40,900,13.495,1.309868,0.9019,,0,0,0,False,3.42,16517
eval,40,108,2.479167,-0.7328,0.9019,,1,0,0,True,0.9,16517
train,41,317,17.514167,0.670403,0.9,0.042024,3,1,0,True,3.02,16834
train,42,900,65.6475,5.220992,0.8947,0.04065,13,4,0,False,7.95,17734
train,43,369,20.224167,0.941403,0.8925,0.042269,5,1,0,True,3.66,18103
train,44,427,33.0375,2.422736,0.89,0.044173,7,2,0,True,4.04,18530
train,45,329,19.560833,0.975367,0.888,0.043299,5,1,0,True,3.03,18859
train,46,242,20.275833,1.14657,0.8866,0.043101,7,1,0,True,1.74,19101
train,47,617,34.825,2.501783,0.8829,0.042631,6,2,0,True,2.42,19718
train,48,564,39.880833,3.007367,0.8796,0.047637,12,2,0,True,2.24,20282
train,49,113,2.558333,-0.724883,0.8789,0.048054,1,0,0,True,0.88,20395
train,50,380,32.196667,1.55255,0.8766,0.047658,7,2,0,True,1.74,20775
train,51,377,22.128333,1.032117,0.8744,0.046452,7,1,0,True,1.7,21152
train,52,328,20.5775,1.077033,0.8725,0.046158,6,1,0,True,1.55,21480
train,53,401,32.48,1.867283,0.8701,0.046,7,2,0,True,1.9,21881
train,54,114,1.523333,-0.828383,0.8694,0.046618,0,0,0,True,0.94,21995
train,55,114,1.570833,-0.72393,0.8687,0.056665,0,0,0,True,0.86,22109
train,56,209,15.879167,0.5208,0.8675,0.052198,3,1,0,True,1.21,22318
train,57,392,20.455833,1.064867,0.8652,0.050542,5,1,0,True,2.06,22710
train,58,232,16.219167,0.540903,0.8638,0.051187,3,1,0,True,1.66,22942
train,59,492,20.885833,1.107867,0.8609,0.04926,4,1,0,True,2.26,23434
train,60,134,2.8675,-0.693967,0.8601,0.04921,1,0,0,True,0.97,23568
eval,60,900,13.539167,1.292388,0.8601,,0,0,0,False,2.24,23568
eval,60,900,13.539167,1.292388,0.8601,,0,0,0,False,1.93,23568
eval,60,900,13.539167,1.292388,0.8601,,0,0,0,False,2.11,23568
train,61,133,4.77,-0.503717,0.8593,0.050172,3,0,0,True,0.94,23701
train,62,324,17.556667,0.57495,0.8574,0.051072,3,1,0,True,1.72,24025
train,63,245,17.441667,0.663153,0.8559,0.057744,4,1,0,True,1.51,24270
train,64,720,42.8475,3.403736,0.8516,0.05508,13,2,0,True,3.28,24990
train,65,119,2.665,-0.614514,0.8509,0.052521,1,0,0,True,1.14,25109
train,66,264,17.626667,0.58195,0.8493,0.052067,4,1,0,True,1.7,25373
train,67,900,22.458333,1.065117,0.844,0.056345,6,1,0,False,3.62,26273
train,68,358,18.064167,0.925403,0.8419,0.061321,3,1,0,True,1.79,26631
train,69,316,18.456667,0.86495,0.84,0.060693,4,1,0,True,1.63,26947
train,70,309,17.408333,0.760117,0.8382,0.057874,3,1,0,True,2.03,27256
train,71,423,21.93,1.012283,0.8357,0.056655,6,1,0,True,2.92,27679
train,72,363,17.923333,0.811617,0.8335,0.059122,3,1,0,True,1.96,28042
train,73,340,17.700833,0.68907,0.8315,0.068793,3,1,0,True,1.83,28382
train,74,133,4.785,-0.502217,0.8307,0.065471,3,0,0,True,1.09,28515
train,75,388,21.500833,0.769367,0.8284,0.064359,6,1,0,True,2.32,28903
train,76,329,6.574167,-0.3233,0.8264,0.064154,2,0,0,True,1.95,29232
train,77,103,2.42,-0.738717,0.8258,0.060662,1,0,0,True,1.02,29335
train,78,265,17.7025,0.889236,0.8243,0.064245,4,1,0,True,1.59,29600
train,79,92,3.215833,-0.55943,0.8237,0.063063,2,0,0,True,0.85,29692
train,80,340,18.756667,0.69495,0.8217,0.066435,4,1,0,True,1.84,30032
eval,80,900,13.539167,1.443902,0.8217,,0,0,0,False,2.49,30032
eval,80,900,13.539167,1.443902,0.8217,,0,0,0,False,2.37,30032
eval,80,900,13.539167,1.620021,0.8217,,0,0,0,False,2.06,30032
train,81,196,16.709167,0.6902,0.8205,0.078914,4,1,0,True,1.38,30228
train,82,224,17.043333,0.323617,0.8192,0.076733,4,1,0,True,1.6,30452
train,83,785,26.4025,1.759236,0.8145,0.071904,5,1,0,True,4.08,31237
train,84,592,35.194167,2.1387,0.811,0.070367,7,2,0,True,2.93,31829
train,85,363,22.078333,1.32682,0.8089,0.080462,7,1,0,True,1.87,32192
train,86,295,18.1575,0.734736,0.8071,0.081049,4,1,0,True,1.55,32487
train,87,115,4.523333,-0.528383,0.8064,0.078754,3,0,0,True,0.96,32602
train,88,401,20.5375,0.873033,0.804,0.078773,5,1,0,True,2.16,33003
train,89,614,36.505,2.469783,0.8004,0.076566,8,2,0,True,3.15,33617
train,90,235,10.173333,-0.163383,0.799,0.075738,7,0,0,True,1.51,33852
train,91,483,32.754167,2.2947,0.7961,0.088615,6,2,0,True,2.45,34335
train,92,228,16.2025,0.539236,0.7948,0.087191,3,1,0,True,1.54,34563
train,93,594,37.253333,2.544617,0.7913,0.086454,9,2,0,True,2.94,35157
train,94,358,18.0825,0.827533,0.7891,0.084883,3,1,0,True,2.13,35515
train,95,336,18.6825,0.887533,0.7871,0.084087,4,1,0,True,1.8,35851
train,96,120,2.645833,-0.716133,0.7864,0.082923,1,0,0,True,0.9,35971
train,97,167,5.300833,-0.35093,0.7854,0.107963,3,0,0,True,1.06,36138
train,98,575,23.325,1.251486,0.782,0.100856,5,1,0,True,2.38,36713
train,99,573,34.053333,1.624617,0.7786,0.098822,6,2,0,True,2.73,37286
train,100,124,4.655,-0.515217,0.7779,0.098571,3,0,0,True,0.87,37410
eval,100,900,13.539167,1.476787,0.7779,,0,0,0,False,1.86,37410
eval,100,900,13.539167,1.35,0.7779,,0,0,0,False,1.88,37410
eval,100,900,13.539167,1.476787,0.7779,,0,0,0,False,3.25,37410
train,101,544,35.585833,2.377867,0.7746,0.0959,8,2,0,True,3.36,37954
train,102,111,2.514167,-0.829597,0.774,0.11258,1,0,0,True,0.98,38065
train,103,236,19.194167,0.9387,0.7726,0.113492,6,1,0,True,1.54,38301
train,104,305,18.295,0.648783,0.7708,0.111214,4,1,0,True,2.04,38606
train,105,160,16.165,0.635783,0.7698,0.108283,4,1,0,True,1.32,38766
train,106,698,36.966667,2.815653,0.7657,0.107383,7,2,0,True,5.42,39464
train,107,184,15.558333,0.575117,0.7646,0.105895,3,1,0,True,2.08,39648
train,108,398,19.55,1.073986,0.7622,0.108889,4,1,0,True,2.84,40046
train,109,859,74.011667,6.02045,0.7571,0.122502,22,4,0,True,4.84,40905
train,110,144,5.911667,-0.38955,0.7563,0.114937,4,0,0,True,1.39,41049
train,111,104,2.42,-0.639014,0.7557,0.118595,1,0,0,True,1.2,41153
train,112,303,19.195,0.738783,0.7539,0.11925,5,1,0,True,2.98,41456
train,113,246,19.353333,0.954617,0.7524,0.114408,6,1,0,True,1.56,41702
train,114,600,25.6175,1.381033,0.7488,0.132195,7,1,0,True,3.42,42302
train,115,58,1.776667,-0.80305,0.7485,0.131917,1,0,0,True,0.75,42360
train,116,73,0.985833,-0.882133,0.7481,0.133617,0,0,0,True,0.88,42433
train,117,152,15.056667,0.52495,0.7472,0.137127,3,1,0,True,1.39,42585
train,118,348,19.895833,1.10857,0.7451,0.133929,5,1,0,True,2.22,42933
train,119,348,18.9325,0.912533,0.743,0.131171,4,1,0,True,2.58,43281
train,120,84,1.175833,-0.863133,0.7425,0.133042,0,0,0,True,0.98,43365
eval,120,900,13.539167,1.407915,0.7425,,0,0,0,False,2.12,43365
eval,120,900,13.539167,1.407915,0.7425,,0,0,0,False,2.25,43365
eval,120,900,13.539167,1.598687,0.7425,,0,0,0,False,2.15,43365
train,121,189,4.643333,-0.716383,0.7414,0.129443,2,0,0,True,1.62,43554
train,122,762,26.0825,1.427533,0.7369,0.141171,5,1,0,True,5.83,44316
train,123,252,7.53,-0.227717,0.7354,0.147975,4,0,0,True,3.27,44568
train,124,240,18.225833,0.841867,0.734,0.141851,5,1,0,True,2.51,44808
train,125,217,16.030833,0.72207,0.7327,0.141392,3,1,0,True,2.03,45025
train,126,391,35.363333,2.355617,0.7303,0.140488,10,2,0,True,2.98,45416
train,127,108,2.460833,-1.021033,0.7297,0.146446,1,0,0,True,2.49,45524
train,128,362,19.046667,0.72395,0.7276,0.138966,4,1,0,True,5.63,45886
train,129,115,2.5825,-0.722467,0.7269,0.138949,1,0,0,True,1.42,46001
train,130,775,26.240833,1.443367,0.7223,0.165585,5,1,0,True,5.35,46776
train,131,102,2.384167,-0.7423,0.7217,0.156439,1,0,0,True,1.14,46878
train,132,259,16.555833,0.57457,0.7201,0.156966,3,1,0,True,2.12,47137
train,133,77,1.101667,-0.87055,0.7197,0.152914,0,0,0,True,0.99,47214
train,134,316,20.395833,0.458867,0.7178,0.156556,6,1,0,True,2.5,47530
train,135,176,15.359167,0.5552,0.7167,0.148614,3,1,0,True,1.46,47706
train,136,292,18.9975,0.919033,0.715,0.15187,5,1,0,True,2.06,47998
train,137,307,17.223333,0.741617,0.7132,0.195138,3,1,0,True,2.51,48305
train,138,383,20.424167,0.8617,0.7109,0.183832,5,1,0,True,3.18,48688
train,139,476,19.679167,1.086903,0.7081,0.176291,3,1,0,True,4.69,49164
train,140,137,4.844167,-0.4963,0.7073,0.174121,3,0,0,True,1.17,49301
eval,140,900,13.539167,1.282098,0.7073,,0,0,0,False,2.43,49301
eval,140,115,1.601667,-0.720847,0.7073,,0,0,0,True,1.39,49301
eval,140,900,13.539167,1.282098,0.7073,,0,0,0,False,3.58,49301
train,141,900,52.965,4.779465,0.7019,0.184884,10,3,0,False,5.17,50201
train,142,261,20.6525,1.084533,0.7004,0.205062,7,1,0,True,1.79,50462
train,143,413,19.904167,0.8097,0.6979,0.203939,4,1,0,True,2.48,50875
train,144,124,4.656667,-0.51505,0.6972,0.202603,3,0,0,True,1.24,50999
train,145,258,18.495,0.868783,0.6957,0.193457,5,1,0,True,1.72,51257
train,146,192,15.635,0.582783,0.6945,0.200218,3,1,0,True,1.27,51449
train,147,830,66.446667,5.06395,0.6896,0.208578,15,4,0,True,4.44,52279
train,148,277,17.73,0.792283,0.6879,0.223401,4,1,0,True,2.08,52556
train,149,193,7.614167,-0.319597,0.6868,0.221064,5,0,0,True,1.56,52749
train,150,193,16.605,0.779486,0.6857,0.21303,4,1,0,True,1.47,52942
train,151,254,17.51,0.770283,0.6841,0.215023,4,1,0,True,1.98,53196
